Model,CV RMSE,Holdout RMSE
OLS M4,43.11349270589336,42.637746104307595
LASSO M5,43.029032035410545,42.425383353587925
RF M4,43.024825623588264,42.59012215829762
GBM M4,42.34146380459806,41.79039355443298
