Number.of.predictors,CV.RMSE,CV.AUC,Model
5,0.29886247369140134,0.7311906382787641,X1
12,0.293574286283492,0.762009841585255,X2
30,0.2907820121954514,0.7796408573419418,X3
72,0.2913912608463073,0.7807556713107026,X4
85,0.2906601812964317,0.7804243123851661,X5
70,0.28971299908476095,0.7583547116750506,LASSO
35,0.29015056584030463,0.7771988829991294,rf_p
