"","Number.of.predictors","CV.RMSE","CV.AUC","CV.threshold","CV.expected.Loss"
"1",5,0.298862473691401,0.731190638278764,0.101167660935908,0.211798415520816
"2",72,0.291391260846307,0.780755671310703,0.0916309412673883,0.210206442548466
"3",70,0.289712999084761,0.758354711675051,0.106039893276359,0.214936108613833
"4",35,0.290150565840305,0.777198882999129,0.128048621675284,0.170676921982939
