Number.of.predictors,CV.RMSE,CV.AUC,CV.threshold,CV.expected.Loss
5,0.29886247369140134,0.7311906382787641,0.10116766093590826,0.21179841552081638
72,0.2913912608463073,0.7807556713107026,0.09163094126738827,0.21020644254846643
70,0.28971299908476095,0.7583547116750506,0.10603989327635918,0.21493610861383275
35,0.29015056584030463,0.7771988829991294,0.12804862167528414,0.17067692198293935
